,授權日期(標準化),授權時間(標準化),交易金額-台幣(對數)(標準化),分期期數(對數)(標準化),日期區段,消費地幣別,是否紅利交易,mcc_code,交易類別,分期期數_指示,交易型態,網路交易註記,3D交易註記,超額註記碼,Fallback註記,支付型態,消費城市,狀態碼,時間區段,消費地國別,盜刷與否
count,8162129.0,8162129.0,8162129.0,8162129.0,8162129.0,8162129.0,8162129.0,8162129.0,8162129.0,8162129.0,8162129.0,8162129.0,8162129.0,8162129.0,8162129.0,8162129.0,8162129.0,8162129.0,8162129.0,8162129.0,8162129.0
mean,1.0687744919829008e-16,-1.039951044104269e-16,-5.931580037605326e-15,8.143864539553023e-17,3.321206758677791,69.63960787681744,0.001354793583879892,307.0401813056373,4.8998001624331105,0.9887336992591026,4.864570996121232,0.608475190725361,0.0906844280456729,0.009780413909165122,0.0003255278126577024,5.350386522928026,14255.033561341656,0.002605325154748228,2.9530795212866643,8.223128303902083,0.003845442776020815
std,1.0000000612447286,1.0000000612586433,1.0000000612595619,1.0000000611834141,1.6256948448757949,4.385948374768475,0.0367825812594159,55.7148418604874,0.4881704840874531,0.10554322608612185,2.165859510256116,0.48809134614498484,0.28715983817750335,0.0984111711088671,0.018039453545319713,1.8680738580712506,3089.6097037581985,0.050975854616046964,0.8934063545242722,27.402065386580947,0.06189229205300157
min,-1.6991167477058735,-2.7335658861758847,-3.026215718293408,-0.1034684316843526,1.0,0.0,0.0,0.0,2.0,0.0,0.0,0.0,0.0,0.0,0.0,0.0,0.0,0.0,1.0,0.0,0.0
25%,-0.8953969039026874,-0.6595997266663135,-0.5174721586150076,-0.1034684316843526,2.0,70.0,0.0,276.0,5.0,1.0,4.0,0.0,0.0,0.0,0.0,6.0,13947.0,0.0,2.0,0.0,0.0
50%,-0.0298524567300253,0.0897966206465629,0.025716579308883,-0.1034684316843526,3.0,70.0,0.0,288.0,5.0,1.0,5.0,1.0,0.0,0.0,0.0,6.0,15759.0,0.0,3.0,0.0,0.0
75%,0.8356919904426366,0.7874640836277712,0.6542341467997124,-0.1034684316843526,5.0,70.0,0.0,320.0,5.0,1.0,5.0,1.0,0.0,0.0,0.0,6.0,15759.0,0.0,4.0,0.0,0.0
max,1.7012364376152986,1.7357579911959118,5.227954063644955,17.563292500443584,6.0,85.0,1.0,490.0,6.0,1.0,10.0,1.0,1.0,1.0,1.0,10.0,17340.0,1.0,4.0,134.0,1.0
