,授權日期,授權時間,交易類別,交易型態,mcc_code,交易金額-台幣,網路交易註記,是否分期交易,分期期數,是否紅利交易,實付金額,消費地國別,消費城市,狀態碼,超額註記碼,Fallback註記,支付型態,消費地幣別,消費地金額,3D交易註記,盜刷與否
count,8162129.0,8162129.0,8162129.0,8162129.0,8162129.0,8162129.0,8162129.0,8162129.0,8162129.0,8162129.0,8162129.0,8162129.0,8162129.0,8162129.0,8162129.0,8162129.0,8162129.0,8162129.0,8162129.0,8162129.0,8162129.0
mean,27.482857230019274,144793.66252996,4.8998001624331105,4.864570996121232,307.0401813056373,1485.9987425694947,0.608475190725361,0.011269363667249071,0.06465151432916584,0.001354793583879892,1485.5020192648267,8.223128303902083,14255.033561341656,0.002605325154748228,0.009780413909165122,0.0003255278126577024,5.350386522928026,69.63960787681744,1933.699959042549,0.0906844280456729,0.003845442776020815
std,16.17479137347335,53653.49428845266,0.4881704840874531,2.165859510256116,55.7148418604874,9808.891197899246,0.48809134614498484,0.10555740842719097,0.7579386477503482,0.0367825812594159,9807.747304947026,27.402065386580947,3089.6097037581985,0.050975854616046964,0.0984111711088671,0.018039453545319713,1.8680738580712506,4.385948374768475,111676.6400555891,0.28715983817750335,0.06189229205300157
min,0.0,0.0,2.0,0.0,0.0,0.0,0.0,0.0,0.0,0.0,0.0,0.0,0.0,0.0,0.0,0.0,0.0,0.0,0.0,0.0,0.0
25%,13.0,110813.0,5.0,4.0,276.0,108.0,0.0,0.0,0.0,0.0,108.0,0.0,13947.0,0.0,0.0,0.0,6.0,70.0,103.0,0.0,0.0
50%,27.0,150940.0,5.0,5.0,288.0,300.0,1.0,0.0,0.0,0.0,301.0,0.0,15759.0,0.0,0.0,0.0,6.0,70.0,299.0,0.0,0.0
75%,41.0,185427.0,5.0,5.0,320.0,974.0,1.0,0.0,0.0,0.0,974.0,0.0,15759.0,0.0,0.0,0.0,6.0,70.0,957.0,0.0,0.0
max,55.0,235959.0,6.0,10.0,490.0,5051970.0,1.0,1.0,30.0,1.0,5032773.0,134.0,17340.0,1.0,1.0,1.0,10.0,85.0,74734800.0,1.0,1.0
